bids_name	aor	aqi	dummy_trs	dvars_nstd	dvars_std	dvars_vstd	efc	fber	fd_mean	fd_num	fd_perc	fwhm_avg	fwhm_x	fwhm_y	fwhm_z	gcor	gsr_x	gsr_y	size_t	size_x	size_y	size_z	snr	spacing_tr	spacing_x	spacing_y	spacing_z	summary_bg_k	summary_bg_mad	summary_bg_mean	summary_bg_median	summary_bg_n	summary_bg_p05	summary_bg_p95	summary_bg_stdv	summary_fg_k	summary_fg_mad	summary_fg_mean	summary_fg_median	summary_fg_n	summary_fg_p05	summary_fg_p95	summary_fg_stdv	tsnr
sub-01_task-freerecall_bold	0.0007807400379506642	0.029648328462998107	1	30.291316685114058	0.9929003027756652	0.9201556336501898	0.6176178987066208	1655.2906494140625	0.44982110138214954	455	86.33776091081594	1.8372064191078994	1.7949333333333335	2.1957133333333334	1.520972590657031	0.00775726	-0.007189763244241476	0.059748683124780655	527	64	64	27	6.630917303742782	1.5	3.0	3.0	3.999999761581421	13.388299904341658	11.908643580450814	45.469337463378906	16.347248077392578	52277.0	6.8538899421691895	180.96583862304664	67.8163070678711	2.731207320623489	90.33467084206917	704.8211059570312	697.2979125976562	29619.0	557.4419311523437	880.8237365722656	105.15681457519531	37.895785263273865
sub-01_task-sherlockPart1_bold	0.0017429599177800617	0.01887718015416238	0	22.336338160030877	1.0679381170679016	0.9532455532716047	0.6236390037385051	1355.4915771484375	0.2247038172606184	294	30.215827338129497	1.8323458636515852	1.7914933333333334	2.1795766666666667	1.525967590954756	0.0610925	-0.015842270106077194	0.06442534178495407	973	64	64	27	6.684563701716645	1.5	3.0	3.0	3.999999761581421	12.325731128122632	15.258004332654334	49.09681701660156	18.63206672668457	51936.0	6.7985615730285645	196.2762107849121	71.02133178710938	2.4921263592070932	92.03178163961331	716.3845825195312	709.1829833984375	29972.0	564.7022644042969	893.3120361328121	106.09086608886719	42.800590177765116
sub-01_task-sherlockPart2_bold	0.0029338265786993407	0.017560623496701226	0	21.852199749632085	1.1147429145377359	0.9777887468584902	0.6227911183653538	1594.84716796875	0.18076973342174016	154	14.514608859566447	1.8386041985969266	1.7595599999999998	2.14915	1.6071025957907794	0.0618323	-0.011883167549967766	0.06069876253604889	1061	64	64	27	6.748375730735264	1.5	3.0	3.0	3.999999761581421	14.57126536872262	12.096972730075812	45.46527099609375	16.391611099243164	51854.0	6.748350620269775	184.4056976318359	68.68922424316406	2.4622821695446477	91.2310732820421	714.1279907226562	706.51220703125	29906.0	566.1722564697266	886.9307403564453	104.6919174194336	45.63101380481385
sub-02_task-freerecall_bold	0.0005212445887445887	0.01267967948051948	0	22.608583332426907	1.1715592553954493	0.9649882355904663	0.6063291327465268	1173.8447265625	0.1313234033709971	103	11.147186147186147	1.7974563888888888	1.7614966666666667	2.03306	1.5978125	0.023039	-0.009422162547707558	0.05209885910153389	924	64	64	27	6.462149252012777	1.5	3.0	3.0	4.0	32.8465067055097	15.952412796474912	46.20570755004883	19.691558837890625	54289.0	7.156277179718018	168.17229919433584	69.73746490478516	3.425483602360308	93.45769133554239	712.8263549804688	703.7478637695312	28142.0	567.1717315673828	884.2780181884764	108.90113067626953	57.83164420723915
sub-02_task-sherlockPart1_bold	0.0007032476875642343	0.01416393210688592	0	19.92835589599793	1.1782709925720167	0.9598797659979424	0.6019689044979257	1375.2279052734375	0.06746265074071958	0	0.0	1.8242608333333334	1.7903133333333334	2.0465866666666668	1.6358825	0.0514251	-0.010410092771053314	0.05305713415145874	973	64	64	27	6.5152558857304	1.5	3.0	3.0	4.0	35.90341493719688	14.928114253906724	44.178924560546875	18.633094787597656	54081.0	6.7718400955200195	165.35458374023438	67.49089813232422	3.540880549398109	96.80110231382827	725.483642578125	716.5591430664062	28166.0	576.2068786621094	898.7117462158203	109.97978210449219	54.610233097337186
sub-02_task-sherlockPart2_bold	0.0006845789971617784	0.015096090331125828	0	19.778760775482983	1.143634442386364	0.9282957298484854	0.6041578053266822	1247.00244140625	0.06537548340218835	1	0.0946073793755913	1.804131388888889	1.75986	2.0347166666666667	1.6178175	0.0325688	-0.008508414030075073	0.051932550966739655	1057	64	64	27	6.587265847195779	1.5	3.0	3.0	4.0	33.30193176614941	16.3450936332807	45.42987060546875	19.69631004333496	54131.0	6.641911029815674	166.06243896484375	68.29010772705078	3.191312111095967	95.94130342594185	726.6327514648438	717.2625732421875	28148.0	580.4466278076172	901.6731781005858	108.8843002319336	55.26068616658449
sub-03_task-freerecall_bold	0.0011060893854748604	0.02283419156424581	0	32.06670822730069	1.0959970493566424	0.9872292316643352	0.5646388750783571	1849.9925537109375	0.45245987553748523	629	87.84916201117318	1.7447159526783516	1.7502933333333335	1.9821466666666667	1.5017078580350538	0.0261869	0.012872575782239437	0.03177313879132271	716	64	64	27	7.350174648331253	1.5	3.0	3.0	3.9999990463256836	19.137916503051578	12.221114169021279	43.13892364501953	16.4748592376709	58809.0	6.618714809417725	182.41367797851547	78.9737548828125	3.5730528692067933	90.16020446772353	740.1340942382812	734.3560791015625	23652.0	603.0863586425781	902.0233001708984	99.90790557861328	41.653313116927166
sub-03_task-sherlockPart1_bold	0.00046530864197530863	0.019326425730452675	0	19.849474672255443	1.0491226521112251	0.9328270725437704	0.5681724577573839	1773.9056396484375	0.12780354197360067	69	7.098765432098766	1.763499565362827	1.76145	2.0075433333333335	1.5215053627551467	0.0333634	0.009012949652969837	0.02873496524989605	972	64	64	27	7.467936075378437	1.5	3.0	3.0	3.9999990463256836	19.73281260069673	12.243669015393504	42.976417541503906	16.93621253967285	58291.0	6.96347713470459	184.1872329711914	78.99229431152344	2.5774484002019804	91.33097518934375	744.6950073242188	739.0	24195.0	604.1642028808594	906.7898071289062	98.954345703125	48.12526958412491
sub-03_task-sherlockPart2_bold	0.0017983443708609272	0.014412219564806055	0	19.31992076741479	1.1196226511837117	0.9851205327840912	0.570309902633427	1728.3216552734375	0.13405695188357983	101	9.555345316934721	1.7455190063156303	1.76943	1.9895566666666669	1.477570352280224	0.054027	0.009070795960724354	0.029678430408239365	1057	64	64	27	7.491283315976233	1.5	3.0	3.0	3.9999990463256836	18.983554609106285	12.759917946723752	43.91917419433594	17.16083335876465	58216.0	6.88505220413208	189.61541748046875	79.77498626708984	2.6834144217634908	90.79083525756519	742.3251953125	737.1173095703125	24249.0	603.7491088867188	903.5025512695312	98.39463806152344	55.04213746637106
sub-04_task-freerecall_bold	0.006021772727272727	0.02044561802272727	0	31.428824583348515	1.3001810060820054	1.0450898818451022	0.6514350163274295	927.9898071289062	0.28153821529907586	308	70.0	2.0225668173127347	2.0259666666666667	2.4420466666666667	1.59968711860487	0.0132579	-0.011484842747449875	0.060531727969646454	440	64	64	27	5.651377722581651	1.5	3.0	3.0	4.000000953674316	15.72551314270163	21.046211064989574	60.25345993041992	22.584089279174805	47685.0	6.7777272224426275	235.50453186035156	87.26602172851562	2.917686926799802	100.70913100099877	767.2059936523438	747.5067749023438	33180.0	601.5801971435546	1012.6391967773433	132.26783752441406	44.23407686117571
sub-04_task-sherlockPart1_bold	0.0007387461139896374	0.016840123720207253	0	29.25274141402488	1.3753876724481306	0.966288561431537	0.6534621532950144	944.4974365234375	0.14538645203579992	162	16.787564766839377	1.9560765311622943	1.9063299999999999	2.25686	1.7050395934868827	0.065488	-0.01549426931887865	0.06135387346148491	965	64	64	27	6.008542224055968	1.5	3.0	3.0	4.000000953674316	12.573750769256725	19.4228566794053	57.906436920166016	22.104663848876953	47402.0	7.663212776184082	230.04389877319326	82.52393341064453	2.5992306215732333	98.05612002430522	774.7374267578125	758.28759765625	33602.0	614.8040924072266	1018.1669311523433	126.19971466064453	47.65350085683167
sub-04_task-sherlockPart2_bold	0.0018773871277617676	0.019105241940441883	0	28.613166904432703	1.266228966596155	0.9404159571249988	0.6527283054386874	892.6570434570312	0.17058030510035013	188	18.059558117195003	1.981442929448648	1.99252	2.3650166666666665	1.586792121679277	0.0774173	-0.015256784856319427	0.06337324529886246	1041	64	64	27	5.866977231058097	1.5	3.0	3.0	4.000000953674316	11.393533156742416	22.750323592676352	62.31907272338867	24.233428955078125	47641.0	7.536022663116455	242.1171875	85.8188247680664	2.7225468902255185	99.97095182634914	776.916748046875	758.1820068359375	33098.0	613.0822265625	1025.13115234375	129.22677612304688	41.961465351167135
sub-05_task-freerecall_bold	0.0013836811926605506	0.017930447259174313	0	29.819510426027506	1.1815350480252578	1.000745341687716	0.6556460602413824	953.9373168945312	0.27648516956473135	528	60.55045871559633	1.8275212690346578	1.7459166666666668	2.1469366666666665	1.5897104737706405	0.0176717	-0.022985320538282394	0.08563201874494553	872	64	64	27	6.598243322437277	1.5	3.0	3.0	3.9999988079071045	8.834598104046277	22.503417872531564	70.9747543334961	24.42717742919922	48726.0	7.37614631652832	304.79844665527344	105.8706283569336	3.0697813855333216	102.96095075846964	823.6074829101562	811.317626953125	32891.0	661.7958374023438	1031.5274658203125	122.95777130126953	48.6843498951057
sub-05_task-sherlockPart1_bold	0.0008333367556468172	0.014101715698151948	0	23.22816561589929	1.1945555029907484	0.9724531057040072	0.6504622206808608	1080.071533203125	0.10227726008626466	41	4.209445585215605	1.8585388694397516	1.7664866666666665	2.1838666666666664	1.6252632749859215	0.0588918	-0.021197885274887085	0.07824952900409698	974	64	64	27	6.5383223885237385	1.5	3.0	3.0	3.999998092651367	10.76768586487267	19.1885864522774	62.19816589355469	22.16221809387207	48931.0	7.339322805404663	268.20225524902344	94.53539276123047	2.6088556178038385	103.00130968116576	804.246826171875	791.4954223632812	33054.0	643.7460571289063	1012.6752960205077	121.05298614501953	54.391639390960336
sub-05_task-sherlockPart2_bold	0.004893169347209083	0.019212506490066224	0	23.29321571718751	1.193946624015151	0.9903276673674233	0.652585189619347	998.5745239257812	0.10633713152407598	84	7.947019867549669	1.8704033174763708	1.7768133333333334	2.186533333333333	1.6478632857624462	0.0494596	-0.020297735929489136	0.07850651443004608	1057	64	64	27	6.555772261802437	1.5	3.0	3.0	3.999998092651367	9.937197422844793	19.300478398272404	64.47098541259766	22.693471908569336	48895.0	8.014190673828125	277.78468017577967	96.94342803955078	2.621502777189005	102.02880442956177	800.0730590820312	787.2743530273438	33099.0	641.0919860839844	1006.4403869628903	120.0869140625	48.27916598273441
sub-06_task-freerecall_bold	0.0045808695652173916	0.02212800773613193	0	30.726759595630636	1.1920950803603612	1.0427471396246244	0.6486852835423172	662.7631225585938	0.33161604984332166	521	78.11094452773614	1.7871854242525107	1.7590366666666668	2.1280566666666667	1.4744629394241986	0.0237311	-0.014353660866618156	0.07316285371780396	667	64	64	27	6.89914398248435	1.5	3.0	3.0	3.9999988079071045	12.9921509144902	25.532098818634708	61.638668060302734	26.654422760009766	49754.0	7.501724362373352	229.64063873291008	82.52579498291016	3.376761137462455	89.26954819723761	723.0545043945312	715.115478515625	31646.0	580.191162109375	895.0056610107422	103.6511459350586	41.78298190655187
sub-06_task-sherlockPart1_bold	0.00725530318602261	0.03154693865364851	0	26.33760233872428	1.1874970519650208	0.9676868334465036	0.6477104650573127	706.6280517578125	0.23946921663638615	553	56.83453237410072	1.7861377777777776	1.6978766666666667	2.0366166666666667	1.62392	0.0465523	-0.016107618808746338	0.07476668059825897	973	64	64	27	7.2521786967627575	1.5	3.0	3.0	4.0	13.250120639666502	22.642065420200442	58.40434646606445	24.680885314941406	49796.0	7.457862496376038	221.59739303588867	79.90310668945312	3.3344545441183886	84.59899829459852	707.6607055664062	699.18603515625	31824.0	577.2180938720703	866.7907653808593	96.40896606445312	36.96022849925794
sub-06_task-sherlockPart2_bold	0.009695454545454544	0.026536675246212123	1	25.40584523150712	1.2748353797535523	1.0649752798104273	0.6497518251076502	680.8478393554688	0.2046310091098109	439	41.571969696969695	1.7680833333333332	1.6923466666666667	2.0111733333333333	1.60073	0.0519114	-0.015076430514454842	0.07364240288734436	1056	64	64	27	7.081937609486398	1.5	3.0	3.0	4.0	12.32691668264675	22.71919615142231	59.85181427001953	24.947917938232422	49790.0	7.73768949508667	228.33835906982412	81.17227172851562	3.549148355054739	84.9456687718382	705.2384033203125	697.1988525390625	31938.0	571.9069854736329	866.7528686523436	98.44593048095703	40.50702852662653
sub-07_task-freerecall_bold	0.0006142626262626263	0.023325219434343434	0	27.238891537896887	1.1840927353387272	0.9549394130232555	0.5717692541375329	1951.838134765625	0.30457708655207416	760	76.76767676767676	1.787153888888889	1.81883	2.0311966666666668	1.511435	0.014526	-0.008336727507412434	0.03976793214678764	990	64	64	27	7.5315945939582	1.5	3.0	3.0	4.0	33.675228747430765	13.133011047558027	35.78038024902344	15.706061363220215	56658.0	5.271565985679627	122.04707717895505	60.53733825683594	2.2712887321285002	90.0164144942613	730.2325439453125	724.5020751953125	25644.0	593.2264892578125	889.7142181396484	96.19316864013672	43.894098805612884
sub-07_task-sherlockPart1_bold	0.0005191040164778579	0.014529720236869206	1	20.140216668113418	1.1610265320412365	0.9219184626082475	0.5676757877076671	2210.583251953125	0.1033393526530996	16	1.64778578784758	1.7569074999999998	1.7627899999999999	1.94859	1.5593425	0.103926	-0.007857197895646095	0.03749031573534012	971	64	64	27	7.730620968351524	1.5	3.0	3.0	4.0	33.529425907179736	11.845548829666328	33.92106246948242	15.186406135559082	56815.0	5.547580242156982	114.55706176757793	56.596473693847656	2.131909681377026	91.41671527735852	744.880126953125	740.1910400390625	25600.0	606.5075164794922	899.7693420410156	95.7460708618164	54.124945419840515
sub-07_task-sherlockPart2_bold	0.002061207547169811	0.009360492509433962	0	20.234389417639285	1.2856204591973577	1.011986387563738	0.5685214606012793	2288.30615234375	0.11920754161301766	33	3.1132075471698113	1.7229194444444442	1.7374733333333332	1.90716	1.524125	0.120207	-0.007594445254653692	0.03605369105935097	1060	64	64	27	7.599446396957169	1.5	3.0	3.0	4.0	32.35165289049326	11.688779780710489	34.10169219970703	14.97358512878418	56717.0	5.425283145904541	116.94490814208976	56.99214553833008	2.555371223071031	91.70108279882177	743.4913330078125	738.5999755859375	25646.0	605.0054321289062	900.6040191650391	97.18939208984375	62.96570411045104
sub-08_task-freerecall_bold	0.0024007467057101024	0.01369316503660322	0	33.41905576530793	1.2496760058064522	1.0000599063489741	0.6310568154966834	1136.5076904296875	0.3550096832928821	516	75.54904831625183	1.7533758333333331	1.6705699999999999	1.99859	1.5909675	0.0344888	-0.011158633045852184	0.055763084441423416	683	64	64	27	6.511948737820865	1.5	3.0	3.0	4.0	14.578736107000118	17.835726915439402	53.60567855834961	20.828697204589844	50718.0	6.790409803390504	225.76083526611285	83.84925842285156	2.263255803833239	107.16628715980639	744.6688232421875	735.462646484375	31204.0	593.9244659423828	929.6366821289062	112.93867492675781	49.32309474609792
sub-08_task-sherlockPart1_bold	0.0007577136972193616	0.009302974706488156	0	27.740302884319576	1.3491013884742273	0.9733618352989699	0.6272290994663352	1229.57470703125	0.16227057759864832	165	16.992790937178167	1.7399525	1.6512533333333332	1.9706066666666666	1.5979975	0.0797253	-0.01305583119392395	0.05539432168006897	971	64	64	27	6.495685396853849	1.5	3.0	3.0	4.0	17.784383834989367	16.282669080413744	50.71720886230469	19.975284576416016	50705.0	7.158599853515625	208.68568725585877	81.04679107666016	2.1690508525985503	110.2988996842343	755.1119384765625	744.9490966796875	31170.0	600.7304382324219	943.3294616699219	114.68183898925781	57.95067653339356
sub-08_task-sherlockPart2_bold	0.0018663292336802268	0.00834320357615894	0	27.09131528037881	1.377346620454546	1.0073785285511347	0.6295063730492605	1205.578857421875	0.1547584775397097	169	15.98864711447493	1.739436111111111	1.6496866666666667	1.9775566666666666	1.591065	0.0970389	-0.013526076450943947	0.05734914168715477	1057	64	64	27	6.526571651860003	1.5	3.0	3.0	4.0	16.471956044299574	16.729421032751542	52.36461639404297	20.15704917907715	50669.0	7.135288715362549	217.2283752441406	83.55921936035156	2.201242112073605	107.97894031064195	750.0059204101562	740.3358764648438	31201.0	597.2024536132812	936.6470947265625	113.43229675292969	59.89529673475772
sub-09_task-freerecall_bold	0.0015068127962085307	0.014630196528436017	0	25.106873162538523	1.1181887899762761	1.0061071722894417	0.6129282638614721	1595.345458984375	0.2546596077798125	507	60.07109004739336	1.7815033333333334	1.7594433333333335	2.069506666666667	1.51556	0.0200631	0.009262428618967533	0.05689619481563568	844	64	64	27	7.4644085082903295	1.5	3.0	3.0	4.0	17.036662401089536	13.627996748122936	52.55295181274414	17.281991958618164	52953.0	6.631516933441162	217.4777313232421	87.7110824584961	2.808402604416118	87.15554601659683	747.5266723632812	740.0474243164062	27885.0	610.5853271484375	913.8685302734374	99.1417007446289	51.94680305791553
sub-09_task-sherlockPart1_bold	0.0008872989690721649	0.018646988907216496	0	19.542196486295143	1.0399548438183686	0.9631339973993799	0.6187714223246976	1348.2906494140625	0.11600681126483038	109	11.237113402061855	1.772013333333333	1.72009	2.03204	1.56391	0.0730594	-0.001534300041384995	0.0556144081056118	970	64	64	27	7.662970852083339	1.5	3.0	3.0	4.0	15.778635717056055	14.884867400310684	52.913021087646484	19.020618438720703	52186.0	7.388917684555054	213.82397842407227	83.34174346923828	2.8072117644749044	86.43876792987912	755.1624145507812	748.3433227539062	28675.0	618.9049621582031	916.5712829589843	97.6553726196289	46.67027652030811
sub-09_task-sherlockPart2_bold	0.0005911342155009452	0.01438666213610586	0	18.94629681086091	1.0253111638978243	0.9555354748817417	0.6163217017651111	1416.5703125	0.11039637987028329	113	10.680529300567107	1.7585111111111111	1.71354	2.0300133333333332	1.53198	0.0604355	0.0004506197583395988	0.057632848620414734	1058	64	64	27	7.609785022917553	1.5	3.0	3.0	4.0	15.912485367438553	14.10714442764732	52.60499954223633	18.363895416259766	52532.0	7.305812883377075	215.57637939453124	83.81109619140625	3.025296732350352	86.105806817636	753.2147827148438	746.0170288085938	28242.0	617.4451721191406	915.8587677001952	98.03218078613281	53.16200962755829
sub-10_task-freerecall_bold	0.0022057915057915054	0.01699602187258687	0	31.831773883365578	1.1638696717601553	1.010103642147002	0.5936340515775685	1610.9564208984375	0.38849462229773885	421	81.27413127413128	1.754234847102526	1.76209	1.9292566666666666	1.5713578746409116	0.0133316	0.0033015164081007242	0.040108468383550644	518	64	64	27	6.806059301274901	1.5	3.0	3.0	3.9999990463256836	36.38710549633712	12.716603931943993	42.067813873291016	17.13127326965332	54510.0	6.832046031951904	154.3096557617187	75.95985412597656	1.8007987957241811	98.44419006910876	721.6041870117188	712.1776123046875	27688.0	574.5373443603515	897.3109100341794	104.63687133789062	46.96370081207715
sub-10_task-sherlockPart1_bold	0.004203261316872427	0.011056116090534978	0	20.72599519050464	1.21569301369722	1.0395975953862002	0.5921343065184456	1660.99609375	0.08702839462161503	11	1.131687242798354	1.7320759551761837	1.7491566666666667	1.9139333333333333	1.5331378655285515	0.0964252	0.0024877104442566633	0.04040186479687691	972	64	64	27	6.850320463022849	1.5	3.0	3.0	3.9999990463256836	38.41496307661115	13.052084649016312	40.9984245300293	17.303497314453125	54435.0	6.500719976425171	149.2201568603512	72.90769958496094	1.6308479437204788	100.10008228080517	735.2926635742188	725.5637817382812	27743.0	585.5164611816406	912.9843566894531	105.91485595703125	54.416237105149776
sub-10_task-sherlockPart2_bold	0.004885416666666666	0.019621130426136366	2	20.538953687118493	1.1272176343412335	0.999305862853081	0.5932392820140607	1614.5775146484375	0.11170283669785062	68	6.4393939393939394	1.7371592868032346	1.7612266666666667	1.9385833333333335	1.5116678604097034	0.0593339	0.0037398608401417732	0.04088658094406128	1056	64	64	27	6.869247984457684	1.5	3.0	3.0	3.9999990463256836	35.08820011284905	13.478203271796069	41.465843200683594	17.41382598876953	54447.0	6.55899658203125	150.59564819335927	72.5862045288086	1.6558873150929792	99.49718693895986	730.4727172851562	721.2883911132812	27736.0	582.1967315673828	906.2289733886719	105.0006332397461	46.91912087844685
sub-11_task-freerecall_bold	0.0011464586846543	0.02671239985666105	0	35.88317085790717	1.129147016345992	0.9861478149957811	0.6059535801481601	1277.333984375	0.5049315503211529	1072	90.38785834738617	1.8293739823492867	1.8084566666666666	2.11166	1.5680052803811932	0.0170515	0.0015591568080708385	0.04794779419898987	1186	64	64	27	7.283134699289984	1.5	3.0	3.0	3.9999992847442627	16.774967199257738	15.15854639612506	49.148109436035156	18.33642578125	54674.0	6.634064197540283	203.3271087646484	78.09539794921875	2.1798514900924166	84.94648318956078	689.9389038085938	682.1016235351562	27556.0	557.5099182128906	844.9285583496094	93.65325164794922	40.0484905433259
sub-11_task-sherlockPart1_bold	0.0006073863636363637	0.01645619414256198	1	20.4766555477353	1.1082016573629798	0.9385507703619445	0.5970357072623534	1601.9842529296875	0.11081042528310019	11	1.1363636363636365	1.835454264844028	1.7969633333333332	2.062256666666667	1.6471427945320833	0.0469454	0.004832043312489986	0.043985962867736816	968	64	64	27	7.318037890008024	1.5	3.0	3.0	3.9999992847442627	16.243023818594896	13.007995806264388	45.356781005859375	16.732437133789062	54855.0	6.552375745773316	192.6155914306638	75.45891571044922	2.1892076541672267	86.58061234989302	701.3248291015625	693.2205810546875	27298.0	569.6545623779297	859.7471191406249	94.72592163085938	52.08688915707171
sub-11_task-sherlockPart2_bold	0.0014376231060606063	0.020209722575757573	0	20.469366176654052	1.1084934805876776	0.9368791743696685	0.6007654420559623	1432.45068359375	0.11791458852189186	50	4.734848484848484	1.813587875838761	1.7659966666666669	2.029576666666667	1.645190294182949	0.0282759	0.004604744724929333	0.04321984201669693	1056	64	64	27	7.414306191399481	1.5	3.0	3.0	3.9999992847442627	14.795784108329574	13.77725010714074	47.395877838134766	17.527462005615234	54857.0	6.911931991577148	201.67652282714823	77.0277328491211	2.0918079843087707	84.88739265924558	700.0297241210938	692.1600341796875	27435.0	569.9843811035156	855.1840393066406	93.35295867919922	49.022902376018465
sub-12_task-freerecall_bold	0.0009892194570135747	0.011443776962669681	0	29.564736023537087	1.2936671372778725	1.018280863712508	0.6073951686022507	1462.255126953125	0.29842993483992186	1242	70.24886877828054	1.8127331389745773	1.7270266666666665	2.0807733333333336	1.6303994169237315	0.0421327	-0.014281615614891052	0.05546165630221367	1768	64	64	27	6.492762486106445	1.5	3.0	3.0	4.000001430511475	15.885651296641303	14.674239323771422	42.79093551635742	17.93947982788086	53315.0	6.004751396179199	161.0562255859368	64.6578369140625	2.4926702886215812	97.06768838168213	723.20263671875	710.081787109375	29400.0	578.8953704833984	907.152197265625	109.36326599121094	54.84842981467955
sub-12_task-sherlockPart1_bold	0.00019601441812564367	0.009621104603501544	0	21.896742448989677	1.1909577681958758	0.9627361925979379	0.6031346283603192	1711.1427001953125	0.10472475275388388	22	2.265705458290422	1.8388589672668496	1.7504633333333333	2.0934266666666668	1.6726869018005486	0.0861412	-0.013281218707561493	0.05333217978477478	971	64	64	27	6.523617403717683	1.5	3.0	3.0	4.000001430511475	17.9539899355213	11.556967827624517	40.19157028198242	16.656024932861328	53337.0	7.445932388305664	151.13822021484376	62.68427658081055	2.4934168293271615	98.8946535605468	732.8762817382812	719.154541015625	29295.0	588.4054016113281	918.4452575683594	110.23673248291016	59.63384972233325
sub-12_task-sherlockPart2_bold	0.00030090995260663504	0.010244018104265402	2	22.43178288897531	1.2157849539373833	0.9594749569165082	0.6059434027422794	1614.887451171875	0.11757186930986445	41	3.8862559241706163	1.828156747104563	1.7475066666666665	2.0815566666666667	1.6554069079803557	0.0460351	-0.014409078285098076	0.0544995479285717	1055	64	64	27	6.580339621192304	1.5	3.0	3.0	4.000001430511475	16.44556260295595	12.546608371554541	41.69835662841797	17.096206665039062	53302.0	7.129904937744141	158.18137512207028	63.92354202270508	2.400384860094989	98.40826519845771	730.0892333984375	717.024658203125	29427.0	585.8581848144531	913.765979003906	108.96283721923828	62.573620531708
sub-13_task-freerecall_bold	0.0008244247787610621	0.025340222027353178	0	26.51174517179546	1.0243103351449265	0.9475821823752001	0.6610771918006938	943.8650512695312	0.34981717420767794	989	79.56556717618665	1.8276811994788067	1.8063099999999999	2.0878466666666666	1.5888869317697532	0.00793981	0.0026223594322800636	0.0714929848909378	1243	64	64	27	7.000242077023533	1.5	3.0	3.0	4.000001430511475	9.313533405366368	24.013862289967623	72.39868927001953	24.620676040649414	47276.0	6.431013703346252	294.37610626220703	105.05497741699219	3.3564854299008617	100.77758733512348	818.38818359375	806.7345581054688	33645.0	663.7818359375	1011.4983276367186	115.24209594726562	40.54191231355071
sub-13_task-sherlockPart1_bold	0.001629164948453608	0.023115971432989692	1	20.796768830206407	1.0373189830030989	0.9377234485861704	0.6657942613921294	933.292724609375	0.12731610301442023	137	14.123711340206185	1.8174989727349775	1.7795699999999999	2.04611	1.6268169182049328	0.0594227	-0.007782505825161934	0.07569146156311035	970	64	64	27	7.105308370847383	1.5	3.0	3.0	4.000001430511475	9.282197360361293	22.008237758013784	70.62559509277344	24.380413055419922	46436.0	7.560309410095215	293.08841705322266	103.53386688232422	3.353578426519741	102.68929720256425	824.1376342773438	812.7855834960938	34275.0	673.9593200683594	1014.4760314941406	114.3896484375	43.04750662203878
sub-13_task-sherlockPart2_bold	0.002262092803030303	0.017066496240530304	0	23.624966826502387	1.1220662827393384	1.0050238590616118	0.6674643041620754	929.3815307617188	0.24489490664930652	456	43.18181818181818	1.7847753672812392	1.7581633333333333	2.0168033333333333	1.5793594351770515	0.0823369	-0.0075991470366716385	0.07226833701133728	1056	64	64	27	7.043921373825361	1.5	3.0	3.0	4.000001430511475	8.223155183609643	22.859594131626842	70.9778060913086	24.551137924194336	46367.0	7.175473594665528	292.4042572021481	102.62452697753906	3.242603795278124	102.77272977369842	824.4177856445312	813.041259765625	34386.0	669.969482421875	1017.3227081298828	115.42284393310547	45.44085497036576
sub-14_task-freerecall_bold	0.0012734405940594059	0.03687273316831683	0	33.71149175603468	1.0434462151672865	0.9460833692936808	0.6289191809795368	1110.5318603515625	0.5751419380498859	755	93.44059405940594	1.8000220969682568	1.77153	2.0524766666666667	1.5760596242381038	0.0200111	0.014559399336576462	0.04800062254071236	808	64	64	27	7.2990499857540785	1.5	3.0	3.0	4.000000953674316	14.32744286723947	21.55277888842673	63.67177963256836	22.861385345458984	51945.0	6.272524833679199	259.25916748046865	100.54049682617188	3.1052362219066554	95.31040116352602	787.1321411132812	779.28466796875	29807.0	641.3856323242187	963.3710144042968	106.763427734375	33.986375860869884
sub-14_task-sherlockPart1_bold	0.013310504115226336	0.04153425652263374	0	22.242316113470647	1.0600887809268793	1.0330065971678688	0.630545290227203	934.9317016601562	0.23433397190438554	190	19.54732510288066	1.8429030880826567	1.7863566666666666	2.10521	1.637142597581303	0.0529649	0.007450551725924015	0.058495666831731796	972	64	64	27	7.195001978319128	1.5	3.0	3.0	3.999999761581421	11.629368336824042	25.290417531623405	62.947269439697266	25.411521911621094	51916.0	5.245627284049988	246.4498405456543	91.86001586914062	2.9864756845750478	93.49470209649019	764.5125732421875	757.2607421875	29958.0	616.2809631347657	938.6063110351562	105.24640655517578	31.93861148133874
sub-14_task-sherlockPart2_bold	0.002973956356736243	0.01523452443074004	0	20.166530091054128	1.1023159681101622	0.9970783285185185	0.6266872316203161	1387.75146484375	0.14908209605586623	160	15.180265654648956	1.7862169758486932	1.7399166666666668	2.0381066666666667	1.5806275942127463	0.0858196	0.01338956318795681	0.04572972282767296	1054	64	64	27	7.306826119034883	1.5	3.0	3.0	3.999999761581421	13.476345370660901	16.93739306121469	56.096717834472656	19.462997436523438	51757.0	6.076660251617432	229.40892028808585	87.7076644897461	3.0828429209629284	93.83150907020101	762.655517578125	756.1859130859375	30180.0	617.2994262695313	930.5256805419922	103.4886245727539	49.21721860184334
sub-15_task-freerecall_bold	0.0029603638497652587	0.01891998602112676	0	33.4182630329495	1.1649056871210342	1.031030553736779	0.5420004683639885	2029.65576171875	0.5359007749845762	782	91.78403755868544	1.6969676518739218	1.66387	1.89822	1.5288129556217656	0.0225338	0.0006244363612495363	0.04056511074304581	852	64	64	27	7.523220338867116	1.5	3.0	3.0	3.9999988079071045	28.269892788856385	10.734944631220472	39.98954391479492	15.803990364074707	61769.0	6.989906215667725	164.71784362792968	74.99569702148438	2.0819043575662572	89.28850603200183	740.1650390625	731.0692749023438	21773.0	606.8143188476563	904.5103149414061	97.17281341552734	45.75036358740181
sub-15_task-sherlockPart1_bold	0.00039058884297520666	0.01088377465909091	1	18.87509037908998	1.0773815559772493	0.9497546626059967	0.5379925300717411	2175.90283203125	0.09464236768940172	13	1.3429752066115703	1.6911259856249845	1.66861	1.8717499999999998	1.5330179568749538	0.040519	-0.001274196314625442	0.04018869623541832	968	64	64	27	7.512411520759414	1.5	3.0	3.0	3.9999988079071045	33.354591813483246	9.799266331008846	37.22337341308594	15.29751968383789	61685.0	7.216941833496094	146.25247497558564	69.74871826171875	1.8890173105749986	92.08521649129958	750.261474609375	740.8718872070312	21809.0	613.5051391601562	919.1902709960933	98.6174545288086	64.17155118100345
sub-15_task-sherlockPart2_bold	0.0010723741690408357	0.006601280284900286	1	18.715992352024752	1.1445707905133076	0.9993605195817489	0.5396104847519625	2160.13623046875	0.10189736705171012	22	2.0892687559354224	1.6884448752778063	1.65109	1.8735366666666666	1.540707959166753	0.105999	-0.0005695446161553264	0.03911244869232178	1053	64	64	27	7.517355919161063	1.5	3.0	3.0	3.9999988079071045	30.140106023050237	9.855855637450393	38.115020751953125	15.291547775268555	61634.0	7.247863292694092	155.14871597290036	71.0816879272461	1.8018037491945211	91.83265650644549	749.2687377929688	740.05029296875	21864.0	612.6566497802735	916.3671264648438	98.44330596923828	72.50374037236907
sub-16_task-freerecall_bold	0.0011385156250000002	0.01766037604403409	0	28.402719329538005	1.114211581350392	1.0089870648685142	0.5972527198983058	1454.8660888671875	0.3440640939849474	1101	78.19602272727273	1.811116111111111	1.7685833333333332	2.02915	1.635615	0.027829	0.00024122095783241093	0.03830926492810249	1408	64	64	27	7.994490303060507	1.5	3.0	3.0	4.0	18.045322749261867	12.457860876428828	42.34474182128906	17.483665466308594	54699.0	7.747798490524292	164.64943847656238	70.12519836425781	3.0114388032639496	77.45755026711782	712.3638305664062	705.781982421875	27626.0	588.881591796875	856.0330352783203	88.28195190429688	50.77183435682673
sub-16_task-sherlockPart1_bold	0.00019060762100926883	0.009976006828012357	0	18.81059984621648	1.0778544204226796	0.9654753681855661	0.5928153709343356	1689.955322265625	0.08262968722402877	12	1.235839340885685	1.7942608333333332	1.7573533333333333	2.0177166666666664	1.6077125	0.077739	-0.0008256426663137972	0.03724471479654312	971	64	64	27	7.962156567799205	1.5	3.0	3.0	4.0	19.12998565761063	10.924839696865858	39.7479362487793	16.38928985595703	54636.0	7.633110523223877	155.0180320739746	66.79125213623047	2.936534176526532	79.59784004202595	717.7080688476562	711.1575927734375	27603.0	593.2225708007812	862.4291931152344	89.31558990478516	65.50342647917569
sub-16_task-sherlockPart2_bold	0.0002479166666666667	0.010722788352272727	0	18.299715235469208	1.065131972701424	0.9677088847677726	0.5945491331150127	1629.5828857421875	0.08012295553888614	14	1.3257575757575757	1.7835291666666668	1.7512866666666669	1.9999033333333334	1.5993975	0.068443	0.00045264209620654583	0.03658764436841011	1056	64	64	27	7.994881434930318	1.5	3.0	3.0	4.0	18.50694851364354	11.215689332997702	40.713504791259766	16.589962005615234	54642.0	7.639204978942871	160.3654907226562	68.31780242919922	2.8674073877903616	78.45362838724725	715.0695190429688	708.251953125	27616.0	591.2045593261719	860.0037994384766	88.5865707397461	63.21779071027413
